index	y_true	y_prob
0	0	0.1497
1	0	0.004
2	0	0.0305
3	0	0.0179
4	1	0.9514
5	0	0.0312
6	1	0.9544
7	0	0.0048
8	1	0.7161
9	0	0.0108
10	0	0.0161
11	0	0.7099
12	0	0.0048
13	1	0.888
14	0	0.5973
15	1	0.8642
16	1	0.9094
17	0	0.0189
18	0	0.2628
19	0	0.0063
20	1	0.4415
21	1	0.8803
22	0	0.0026
23	1	0.4434
24	0	0.2702
25	1	0.8267
26	1	0.9623
27	0	0.7545
28	0	0.0178
29	0	0.0164
30	0	0.0546
31	0	0.0032
32	1	0.2808
33	1	0.9462
34	1	0.7207
35	1	0.8895
36	0	0.0333
37	0	0.2083
38	0	0.0359
39	1	0.0369
40	0	0.0283
41	1	0.9822
42	0	0.0246
43	1	0.9458
44	0	0.0187
45	0	0.4229
46	0	0.0026
47	0	0.04
48	0	0.0938
49	0	0.0958
50	0	0.3545
51	1	0.0174
52	1	0.8551
53	0	0.0039
54	0	0.0194
55	0	0.0546
56	0	0.181
57	0	0.01
58	0	0.0364
59	0	0.0175
60	1	0.9527
61	1	0.9009
62	1	0.2747
63	0	0.0015
64	0	0.8373
65	0	0.0194
66	0	0.049
67	0	0.0082
68	1	0.9567
69	1	0.6908
70	0	0.0823
71	0	0.0377
72	0	0.0021
73	0	0.6208
74	0	0.0234
75	0	0.3954
76	1	0.0356
77	0	0.4829
78	0	0.1263
79	0	0.8484
80	0	0.1516
81	0	0.0346
82	1	0.916
83	0	0.8245
84	0	0.0125
85	0	0.0319
86	1	0.9422
87	1	0.96
88	0	0.7459
89	1	0.8686
90	1	0.8532
91	0	0.0091
92	1	0.9477
93	0	0.017
94	0	0.1556
95	0	0.0093
96	0	0.3108
97	0	0.1997
98	0	0.4266
99	0	0.1997
100	0	0.0864
101	1	0.3615
102	0	0.0131
103	1	0.6297
104	1	0.9466
105	1	0.9783
106	1	0.9833
107	0	0.0612
108	0	0.0022
109	0	0.0128
110	0	0.0676
111	0	0.6727
112	0	0.4584
113	1	0.9384
114	0	0.049
115	0	0.0326
116	0	0.0397
117	1	0.8133
118	0	0.0224
119	0	0.7488
120	0	0.0083
121	0	0.7709
122	0	0.0133
123	0	0.1314
124	0	0.0029
125	0	0.0321
126	0	0.0292
127	1	0.9792
128	0	0.0027
129	0	0.1627
130	0	0.0098
131	1	0.8474
132	0	0.0162
133	0	0.449
134	0	0.0037
135	0	0.2386
136	1	0.4546
137	0	0.0338
138	1	0.9136
139	0	0.0846
140	1	0.9538
141	0	0.0194
142	0	0.0169
143	1	0.9712
144	0	0.0115
145	0	0.0206
146	0	0.0209
147	0	0.0945
148	1	0.9554
149	0	0.8569
150	0	0.0288
151	0	0.2211
152	0	0.4943
153	0	0.1331
154	1	0.957
155	0	0.3157
156	0	0.0069
157	0	0.0209
158	0	0.0397
159	0	0.0105
160	0	0.5992
161	1	0.7531
162	0	0.1012
163	0	0.1054
164	1	0.9254
165	0	0.0071
166	0	0.0065
167	1	0.9723
168	1	0.7736
169	0	0.3076
170	0	0.0112
171	0	0.2211
172	1	0.3425
173	1	0.7488
174	0	0.2172
175	1	0.4527
176	0	0.1068
177	0	0.0024
178	0	0.0027
179	0	0.0087
180	0	0.0366
181	0	0.0662
182	0	0.0093
183	0	0.0015
184	0	0.3846
185	0	0.0039
186	0	0.0998
187	1	0.1902
188	0	0.0762
189	0	0.1914
190	1	0.9154
191	0	0.0016
192	0	0.3092
193	1	0.9739
194	0	0.0261
195	0	0.008
196	1	0.8003
197	0	0.8424
198	1	0.7177
199	0	0.0338
200	0	0.0366
201	1	0.9712
202	1	0.941
203	0	0.5284
204	0	0.0089
205	0	0.0058
206	1	0.579
207	0	0.006
208	0	0.0806
209	0	0.0459
210	0	0.0271
211	1	0.0864
212	0	0.0138
213	1	0.9477
214	0	0.0108
215	0	0.0254
216	1	0.7283
217	0	0.0681
218	0	0.5827
219	1	0.2304
220	1	0.7545
221	1	0.8686
222	1	0.866
223	1	0.9488
224	0	0.7474
225	0	0.0073
226	1	0.6541
227	1	0.9721
228	0	0.0165
229	1	0.9112
230	1	0.975
231	0	0.0042
232	0	0.9538
233	0	0.0258
234	0	0.0129
235	1	0.9759
236	0	0.8464
237	0	0.0919
238	0	0.421
239	0	0.015
240	0	0.1331
241	0	0.2185
242	1	0.8651
243	0	0.1799
244	0	0.0087
245	0	0.055
246	0	0.1288
247	0	0.0045
248	1	0.8686
249	0	0.019
250	0	0.003
251	0	0.0715
252	1	0.7099
253	0	0.0114
254	0	0.2331
255	1	0.8541
256	0	0.0142
257	0	0.6455
258	1	0.951
259	1	0.7115
260	0	0.4136
261	0	0.0383
262	0	0.0046
263	1	0.9764
264	0	0.0216
265	0	0.1367
266	0	0.0093
267	0	0.063
268	0	0.0267
269	1	0.9049
270	0	0.0205
271	0	0.0043
272	0	0.579
273	0	0.0301
274	1	0.5491
275	0	0.0187
276	1	0.7343
277	1	0.9517
278	0	0.0237
279	0	0.0372
280	1	0.8086
281	0	0.087
282	1	0.9588
283	0	0.2264
284	0	0.4415
285	0	0.003
286	0	0.09
287	1	0.8484
288	0	0.0263
289	1	0.6609
290	0	0.2034
291	0	0.1054
292	0	0.0099
293	0	0.012
294	0	0.0035
295	0	0.1166
296	0	0.0103
297	0	0.1127
298	0	0.0783
299	0	0.3157
300	1	0.9775
301	0	0.0621
302	0	0.0095
303	1	0.9042
304	1	0.7655
305	1	0.8888
306	0	0.0418
307	0	0.1061
308	0	0.0286
309	0	0.0028
310	0	0.3239
311	0	0.0076
312	1	0.8953
313	0	0.0225
314	0	0.0153
315	0	0.0117
316	0	0.1403
317	0	0.3881
318	0	0.0194
319	0	0.0113
320	0	0.0317
321	0	0.9233
322	0	0.002
323	0	0.8086
324	1	0.9172
325	1	0.9534
326	0	0.0333
327	0	0.1766
328	0	0.7328
329	1	0.7991
330	1	0.9551
331	0	0.0243
332	0	0.007
333	0	0.4565
334	0	0.004
335	1	0.9857
336	1	0.8737
337	0	0.009
338	0	0.0018
339	0	0.0473
340	1	0.9585
341	1	0.969
342	0	0.1478
343	1	0.7516
344	1	0.8404
345	1	0.8167
346	0	0.1997
347	0	0.0348
348	0	0.0119
349	0	0.0042
350	0	0.0013
351	0	0.0105
352	0	0.0324
353	0	0.004
354	1	0.8745
355	1	0.8404
356	1	0.8677
357	0	0.0356
358	1	0.7416
359	1	0.6859
360	1	0.9524
361	0	0.0022
362	0	0.0127
363	0	0.0288
364	0	0.7238
365	1	0.2732
366	0	0.0725
367	1	0.9136
368	0	0.0307
369	1	0.7917
370	1	0.7749
371	1	0.6226
372	0	0.0184
373	0	0.0336
374	1	0.9075
375	0	0.1214
376	1	0.9454
377	0	0.0039
378	0	0.1097
379	0	0.8075
380	1	0.9458
381	1	0.7655
382	1	0.9547
383	0	0.0383
384	1	0.7459
385	0	0.0397
386	1	0.0317
387	0	0.019
388	0	0.0114
389	0	0.0194
390	1	0.8503
391	0	0.0214
392	0	0.0239
393	0	0.0232
394	0	0.61
395	1	0.9623
396	0	0.0107
397	0	0.0312
398	1	0.9719
399	1	0.6843
400	0	0.4509
401	1	0.4303
402	0	0.0449
403	1	0.9723
404	0	0.0142
405	0	0.0104
406	0	0.0409
407	1	0.0095
408	0	0.0319
409	0	0.0333
410	1	0.7531
411	0	0.334
412	0	0.0984
413	0	0.012
414	0	0.1112
415	0	0.0341
416	0	0.0057
417	0	0.2599
418	0	0.0756
419	1	0.043
420	0	0.0037
421	1	0.9857
422	0	0.0945
423	1	0.1733
424	0	0.3425
425	0	0.0019
426	0	0.7929
427	1	0.8532
428	1	0.7298
429	0	0.0634
430	1	0.3721
431	0	0.6403
432	1	0.8888
433	0	0.0767
434	0	0.7177
435	0	0.0149
436	1	0.044
437	0	0.0497
438	0	0.3774
439	0	0.0286
440	1	0.9106
441	0	0.4027
442	0	0.3615
443	1	0.0301
444	1	0.9315
445	0	0.0469
446	0	0.0043
447	0	0.1844
448	0	0.2413
449	1	0.8888
450	0	0.601
451	0	0.0149
452	0	0.004
453	1	0.9295
454	0	0.4943
455	1	0.9392
456	0	0.0159
457	0	0.1421
458	0	0.6489
459	0	0.0113
460	1	0.8027
461	0	0.0369
462	1	0.4303
463	0	0.0406
464	1	0.8811
465	0	0.0116
466	0	0.0123
467	0	0.0138
468	0	0.1733
469	0	0.7328
470	1	0.9238
471	0	0.0073
472	0	0.3157
473	0	0.0093
474	0	0.0087
475	1	0.6924
476	1	0.913
477	0	0.0321
478	0	0.0043
479	0	0.2413
480	0	0.1246
481	0	0.0037
482	1	0.5
483	1	0.9094
484	0	0.2441
485	0	0.5937
486	0	0.0279
487	0	0.0018
488	0	0.381
489	0	0.0187
490	0	0.0036
491	0	0.2948
492	1	0.7866
493	0	0.0346
494	1	0.8778
495	1	0.2059
496	0	0.1412
497	0	0.0049
498	0	0.0056
499	0	0.0016
500	0	0.0054
501	0	0.0616
502	0	0.0894
503	1	0.947
504	0	0.334
505	0	0.4678
506	0	0.8075
507	0	0.0036
508	0	0.4045
509	0	0.1012
510	1	0.9388
511	0	0.2599
512	0	0.0621
513	0	0.0725
514	0	0.1507
515	0	0.0225
516	1	0.9853
517	0	0.8086
518	0	0.1288
519	0	0.0039
520	1	0.8039
521	0	0.0241
522	0	0.0038
523	0	0.4943
524	0	0.0945
525	1	0.7614
526	1	0.9249
527	0	0.0216
528	1	0.969
529	0	0.3881
530	1	0.0991
531	0	0.8086
532	0	0.5303
533	0	0.5678
534	1	0.9514
535	0	0.1722
536	1	0.947
537	0	0.0037
538	1	0.0359
539	0	0.0321
540	0	0.025
541	1	0.9746
542	0	0.0021
543	0	0.1669
544	0	0.2717
545	0	0.0391
546	0	0.0028
547	1	0.9804
548	0	0.0107
549	0	0.0051
550	0	0.0388
551	0	0.2916
552	0	0.6244
553	0	0.5937
554	0	0.0361
555	0	0.0091
556	0	0.0811
557	1	0.8988
558	0	0.1566
559	1	0.8321
560	0	0.1576
561	1	0.9657
562	1	0.6082
563	0	0.0193
564	0	0.0998
565	1	0.8551
566	0	0.7115
567	1	0.9659
568	0	0.2386
569	0	0.0104
570	0	0.134
571	0	0.004
572	0	0.92
573	0	0.3511
574	0	0.1536
575	0	0.0403
576	0	0.0932
577	0	0.0091
578	0	0.0127
579	0	0.0041
580	1	0.945
581	0	0.7545
582	0	0.0263
583	0	0.019
584	0	0.0501
585	0	0.0139
586	0	0.93
587	1	0.7991
588	0	0.1025
589	0	0.0096
590	0	0.011
591	0	0.0149
592	0	0.0152
593	0	0.6677
594	1	0.0876
595	1	0.8842
596	0	0.011
597	1	0.3391
598	0	0.0162
599	0	0.0026
600	0	0.7709
601	0	0.0756
602	0	0.0806
603	0	0.1546
604	0	0.0138
605	0	0.0167
606	0	0.0671
607	0	0.0097
608	0	0.0116
609	1	0.0951
610	1	0.1937
611	0	0.012
612	0	0.6262
613	0	0.866
614	0	0.0061
615	0	0.0164
616	0	0.0206
617	1	0.9492
618	1	0.91
619	1	0.7828
620	0	0.2034
621	0	0.0199
622	0	0.0047
623	0	0.0206
624	0	0.001
625	1	0.8532
626	0	0.3173
627	0	0.3323
628	0	0.0882
629	0	0.0174
630	1	0.975
631	0	0.1546
632	1	0.7207
633	0	0.1679
634	0	0.7343
635	0	0.0388
636	1	0.666
637	0	0.0212
638	0	0.0078
639	1	0.856
640	0	0.0219
641	1	0.2469
642	0	0.0031
643	0	0.1166
644	0	0.0069
645	0	0.0789
646	0	0.0126
647	0	0.0055
648	1	0.8299
649	0	0.017
650	0	0.1197
651	0	0.3563
652	0	0.0041
653	0	0.0971
654	0	0.3391
655	0	0.0053
656	1	0.9731
657	0	0.0652
658	0	0.0152
659	0	0.0823
660	0	0.012
661	0	0.0036
662	1	0.6711
663	1	0.6827
664	1	0.9557
665	0	0.0294
666	0	0.0971
667	0	0.0125
668	1	0.9585
669	0	0.0377
670	0	0.0504
671	0	0.0051
672	0	0.0057
673	0	0.005
674	0	0.0032
675	0	0.0037
676	0	0.0324
677	0	0.0446
678	0	0.0483
679	0	0.0443
680	0	0.1914
681	0	0.1421
682	0	0.1222
683	0	0.072
684	0	0.0741
685	1	0.8754
686	1	0.941
687	0	0.0068
688	0	0.0239
689	0	0.6794
690	1	0.1271
691	0	0.3615
692	1	0.8444
693	0	0.0065
694	0	0.0105
695	0	0.0069
696	0	0.0146
697	0	0.0023
698	0	0.0085
699	0	0.4192
700	0	0.0013
701	0	0.1005
702	1	0.9124
703	0	0.0015
704	0	0.551
705	1	0.9636
706	1	0.9177
707	0	0.0018
708	0	0.0984
709	1	0.8873
710	0	0.5114
711	1	0.9788
712	0	0.0515
713	0	0.0167
714	0	0.008
715	0	0.2702
716	0	0.3442
717	0	0.003
718	0	0.1105
719	0	0.0296
720	1	0.8144
721	0	0.007
722	0	0.0403
723	0	0.0446
724	0	0.1701
725	0	0.9582
726	1	0.9704
727	0	0.0341
728	0	0.071
729	0	0.0154
730	0	0.0015
731	0	0.0077
732	1	0.9531
733	0	0.381
734	0	0.6924
735	0	0.0294
736	0	0.601
737	0	0.0075
738	0	0.2318
739	0	0.01
740	0	0.1097
741	0	0.0108
742	0	0.3511
743	0	0.0174
744	0	0.0152
745	1	0.957
746	0	0.0141
747	0	0.7709
748	1	0.8873
749	0	0.0212
750	1	0.9388
751	1	0.7978
752	0	0.0265
753	0	0.0283
754	1	0.9388
755	0	0.0061
756	0	0.0096
757	0	0.0621
758	0	0.0167
759	0	0.0259
760	0	0.0164
761	1	0.937
762	1	0.8532
763	0	0.003
764	1	0.9075
765	0	0.0045
766	0	0.0056
767	0	0.0098
768	1	0.9702
769	1	0.8818
770	1	0.9506
771	1	0.9094
772	0	0.0657
773	0	0.0089
774	0	0.007
775	0	0.2358
776	0	0.0338
777	0	0.0178
778	1	0.8939
779	0	0.015
780	0	0.0016
781	1	0.5114
782	0	0.0085
783	1	0.93
784	0	0.1468
785	1	0.9527
786	1	0.9506
787	1	0.9784
788	0	0.0045
789	0	0.0037
790	1	0.9739
791	0	0.0558
792	1	0.9499
793	0	0.0267
794	0	0.287
795	0	0.0197
796	1	0.7841
797	1	0.9055
798	0	0.0009
799	1	0.872
800	0	0.0076
801	0	0.005
802	0	0.831
803	0	0.7283
804	1	0.0241
805	0	0.0147
806	0	0.1394
807	0	0.0888
808	0	0.014
809	0	0.0595
810	1	0.9049
811	1	0.9797
812	0	0.0084
813	0	0.2304
814	0	0.5284
815	1	0.6332
816	0	0.0783
817	0	0.0051
818	1	0.8424
819	0	0.0016
820	1	0.7696
821	0	0.0082
822	0	0.0061
823	0	0.0164
824	1	0.9544
825	0	0.0312
826	0	0.3511
827	0	0.5845
828	0	0.006
829	0	0.0621
830	1	0.084
831	0	0.0069
832	0	0.4773
833	0	0.0019
834	0	0.4452
835	0	0.1197
836	0	0.1606
837	0	0.0377
838	1	0.9142
839	0	0.0012
840	1	0.8803
841	0	0.0456
842	0	0.0403
843	0	0.0375
844	1	0.9348
845	0	0.0662
846	0	0.2386
847	1	0.9699
848	0	0.0666
849	0	0.819
850	0	0.5341
851	0	0.0065
852	1	0.5
853	1	0.4192
854	0	0.2657
855	0	0.0149
856	0	0.0174
857	1	0.9075
858	0	0.0066
859	0	0.0406
860	0	0.2159
861	0	0.0794
862	0	0.0998
863	1	0.9454
864	0	0.016
865	0	0.0586
866	0	0.0095
867	1	0.9585
868	0	0.0695
869	0	0.2071
870	1	0.9699
871	0	0.003
872	1	0.8834
873	1	0.6794
874	1	0.9029
875	0	0.0067
876	1	0.9729
877	0	0.0115
878	1	0.9706
879	0	0.3738
880	0	0.2555
881	0	0.1403
882	0	0.0497
883	1	0.9727
884	0	0.0124
885	0	0.0456
886	0	0.0882
887	0	0.3357
888	1	0.9639
889	0	0.0348
890	0	0.0196
891	0	0.0085
892	1	0.115
893	0	0.6332
894	0	0.2555
895	0	0.2916
896	0	0.61
897	1	0.9634
898	0	0.0566
899	0	0.0049
900	1	0.6064
901	0	0.014
902	0	0.0017
903	1	0.928
904	0	0.0115
905	0	0.41
906	1	0.8363
907	0	0.1189
908	0	0.1586
909	1	0.8857
910	0	0.0063
911	0	0.004
912	0	0.1648
913	0	0.2211
914	1	0.9462
915	1	0.7929
916	0	0.0279
917	1	0.8015
918	0	0.0283
919	0	0.2777
920	0	0.0091
921	0	0.6924
922	0	0.0048
923	0	0.2628
924	0	0.0191
925	1	0.9189
926	0	0.0806
927	0	0.014
928	1	0.9652
929	0	0.0214
930	1	0.927
931	0	0.0214
932	0	0.0248
933	1	0.8754
934	0	0.0152
935	1	0.0773
936	0	0.334
937	1	0.9833
938	0	0.5529
939	0	0.1349
940	0	0.0314
941	0	0.2147
942	1	0.6941
943	0	0.0077
944	0	0.9295
945	0	0.9275
946	0	0.0421
947	0	0.0046
948	1	0.9683
949	1	0.8474
950	0	0.0022
951	0	0.09
952	0	0.8597
953	0	0.3239
954	0	0.8223
955	1	0.9721
956	0	0.0053
957	0	0.123
958	1	0.7815
959	0	0.0117
960	0	0.0436
961	0	0.0211
962	0	0.0254
963	0	0.0356
964	1	0.977
965	0	0.0625
966	0	0.0089
967	0	0.0603
968	0	0.2358
969	0	0.2916
970	0	0.1061
971	0	0.0101
972	1	0.9446
973	0	0.2251
974	1	0.7776
975	1	0.9055
976	0	0.0043
977	0	0.9442
978	0	0.0366
979	0	0.1556
980	0	0.0515
981	1	0.9315
982	0	0.3703
983	1	0.0671
984	0	0.3408
985	0	0.004
986	0	0.4527
987	0	0.1586
988	0	0.0479
989	0	0.8778
990	0	0.0338
991	1	0.9488
992	0	0.0356
993	1	0.7445
994	0	0.0028
995	1	0.6794
996	0	0.0578
997	0	0.2777
998	1	0.9617
999	0	0.1679
1000	0	0.2916
1001	1	0.7516
1002	0	0.0056
1003	0	0.0062
1004	0	0.0666
1005	0	0.0418
1006	1	0.8895
1007	0	0.0064
1008	0	0.0046
1009	0	0.9434
1010	0	0.0369
1011	1	0.9588
1012	1	0.9442
1013	0	0.5548
1014	0	0.0093
1015	1	0.943
1016	1	0.8015
1017	1	0.877
1018	0	0.1925
1019	0	0.9211
1020	0	0.0794
1021	1	0.7954
1022	0	0.009
1023	1	0.3792
1024	0	0.0182
1025	0	0.1305
1026	0	0.1973
1027	0	0.0048
1028	1	0.9379
1029	1	0.91
1030	1	0.927
1031	1	0.9551
1032	0	0.0073
1033	1	0.9654
1034	0	0.3846
1035	1	0.7628
1036	0	0.0321
1037	1	0.3124
1038	1	0.3972
1039	0	0.0127
1040	1	0.888
1041	0	0.0079
1042	0	0.019
1043	0	0.6244
1044	0	0.7005
1045	1	0.0279
1046	0	0.0098
1047	0	0.0652
1048	0	0.017
1049	1	0.2932
1050	0	0.0031
1051	1	0.7238
1052	0	0.144
1053	0	0.0377
1054	0	0.031
1055	0	0.0032
1056	1	0.9499
1057	0	0.3703
1058	0	0.5019
1059	1	0.9597
1060	0	0.0129
1061	1	0.9775
1062	0	0.006
1063	0	0.4981
1064	0	0.0016
1065	0	0.0394
1066	0	0.0778
1067	1	0.8677
1068	0	0.0061
1069	0	0.0171
1070	0	0.0391
1071	0	0.6262
1072	1	0.0321
1073	1	0.7161
1074	1	0.7357
1075	0	0.287
1076	0	0.0073
1077	0	0.6046
1078	0	0.2083
1079	1	0.8988
1080	1	0.7736
1081	1	0.2109
1082	1	0.9835
1083	0	0.0142
1084	1	0.8826
1085	1	0.8551
1086	0	0.1403
1087	0	0.0029
1088	0	0.0176
1089	0	0.023
1090	1	0.9606
1091	0	0.0356
1092	0	0.0043
1093	0	0.6677
1094	1	0.7904
1095	0	0.0261
1096	0	0.0085
1097	1	0.7723
1098	0	0.2717
1099	0	0.4659
1100	0	0.2777
1101	0	0.0157
1102	0	0.0089
1103	0	0.0136
1104	1	0.4697
1105	1	0.9644
1106	1	0.8299
1107	0	0.0038
1108	1	0.8729
1109	1	0.9259
1110	0	0.0078
1111	0	0.0069
1112	0	0.0338
1113	0	0.4754
1114	0	0.0193
1115	0	0.0043
1116	0	0.1263
1117	0	0.0852
1118	1	0.866
1119	1	0.9551
1120	0	0.0314
1121	1	0.087
1122	1	0.978
1123	1	0.519
1124	1	0.3597
1125	1	0.8404
1126	0	0.5133
1127	1	0.7207
1128	0	0.0189
1129	1	0.9801
1130	0	0.1777
1131	0	0.1271
1132	1	0.8651
1133	0	0.0258
1134	1	0.9211
1135	0	0.0084
1136	0	0.1403
1137	0	0.0523
1138	1	0.962
1139	0	0.1271
1140	0	0.0252
1141	1	0.5
1142	0	0.0662
1143	1	0.8865
1144	0	0.7084
1145	1	0.3615
1146	1	0.8703
1147	0	0.2238
1148	0	0.0019
1149	0	0.7099
1150	0	0.6973
1151	1	0.1961
1152	0	0.0047
1153	0	0.0876
1154	0	0.0103
1155	0	0.002
1156	0	0.1297
1157	1	0.9721
1158	0	0.0279
1159	0	0.004
1160	1	0.9388
1161	0	0.0083
1162	0	0.6626
1163	0	0.7628
1164	1	0.2762
1165	0	0.0089
1166	0	0.0047
1167	0	0.0229
1168	0	0.0695
1169	0	0.0112
1170	0	0.0652
1171	0	0.0864
1172	0	0.0512
1173	0	0.0127
1174	0	0.0129
1175	0	0.0263
1176	0	0.0121
1177	0	0.0131
1178	1	0.9594
1179	0	0.0715
1180	0	0.0191
1181	0	0.0476
1182	0	0.0083
1183	0	0.0964
1184	0	0.0081
1185	0	0.005
1186	0	0.0206
1187	0	0.1788
1188	0	0.0331
1189	0	0.4848
1190	0	0.1054
1191	0	0.011
1192	0	0.0245
1193	0	0.0256
1194	0	0.0029
1195	0	0.0049
1196	1	0.9154
1197	0	0.0017
1198	0	0.0042
1199	0	0.0301
1200	0	0.0179
1201	1	0.6489
1202	1	0.856
1203	1	0.9177
1204	0	0.0312
1205	1	0.9124
1206	0	0.7021
1207	1	0.9334
1208	1	0.8778
1209	1	0.9679
1210	1	0.8669
1211	0	0.0359
1212	0	0.6924
1213	1	0.9238
1214	0	0.112
1215	1	0.941
1216	0	0.0113
1217	0	0.031
1218	1	0.0152
1219	0	0.3425
1220	1	0.9788
1221	0	0.5208
1222	1	0.3391
1223	0	0.4603
1224	0	0.0366
1225	0	0.0056
1226	0	0.0129
1227	0	0.1385
1228	0	0.6172
1229	1	0.3157
1230	0	0.0155
1231	0	0.0852
1232	0	0.0121
1233	0	0.072
1234	0	0.59
1235	0	0.0152
1236	0	0.0024
1237	1	0.8532
1238	0	0.2541
1239	0	0.0036
1240	0	0.0199
1241	1	0.6609
1242	0	0.0515
1243	0	0.0303
1244	1	0.8464
1245	1	0.8569
1246	0	0.1271
1247	0	0.0189
1248	0	0.0062
1249	0	0.5937
1250	0	0.0324
1251	0	0.3027
1252	1	0.8352
1253	1	0.7929
1254	0	0.0512
1255	1	0.9591
1256	0	0.2331
1257	1	0.9828
1258	0	0.0671
1259	0	0.0153
1260	0	0.6368
1261	0	0.0039
1262	1	0.9706
1263	0	0.2427
1264	1	0.9576
1265	1	0.8857
1266	1	0.8778
1267	1	0.9016
1268	0	0.0621
1269	0	0.0582
1270	1	0.9112
1271	0	0.1349
1272	0	0.24
1273	0	0.0123
1274	1	0.8484
1275	0	0.0725
1276	0	0.0025
1277	0	0.0212
1278	0	0.0469
1279	1	0.9806
1280	1	0.9654
1281	0	0.055
1282	0	0.0132
1283	0	0.0131
1284	1	0.9375
1285	0	0.0256
1286	0	0.0106
1287	0	0.0189
1288	1	0.92
1289	0	0.0164
1290	1	0.1516
1291	1	0.0685
1292	0	0.0093
1293	0	0.2555
1294	0	0.0603
1295	1	0.9049
1296	1	0.9401
1297	1	0.0211
1298	1	0.8745
1299	0	0.053
1300	0	0.0515
1301	0	0.0106
1302	0	0.0044
1303	0	0.0132
1304	0	0.0054
1305	0	0.0998
1306	1	0.8968
1307	1	0.9564
1308	1	0.358
1309	1	0.59
1310	0	0.4415
1311	0	0.0267
1312	1	0.7559
1313	0	0.0049
1314	0	0.0025
1315	0	0.3141
1316	1	0.9002
1317	1	0.9249
1318	1	0.1822
1319	1	0.6172
1320	0	0.0104
1321	0	0.0024
1322	0	0.0051
1323	0	0.0122
1324	1	0.8786
1325	0	0.0055
1326	0	0.1487
1327	0	0.0026
1328	0	0.008
1329	0	0.7068
1330	0	0.5095
1331	1	0.8995
1332	0	0.022
1333	0	0.1349
1334	1	0.8394
1335	0	0.0971
1336	1	0.9094
1337	1	0.9343
1338	0	0.0149
1339	0	0.0725
1340	0	0.7207
1341	0	0.0479
1342	1	0.885
1343	1	0.9659
1344	0	0.0152
1345	0	0.8299
1346	1	0.9771
1347	0	0.0202
1348	0	0.128
1349	1	0.3632
1350	0	0.0065
1351	0	0.031
1352	0	0.0666
1353	0	0.0184
1354	0	0.0634
1355	0	0.0107
1356	1	0.7904
1357	0	0.0031
1358	1	0.6558
1359	0	0.0519
1360	1	0.8444
1361	0	0.1331
1362	0	0.0751
1363	0	0.0275
1364	0	0.0603
1365	0	0.5753
1366	0	0.1005
1367	1	0.9741
1368	0	0.5019
1369	0	0.0199
1370	0	0.0383
1371	0	0.2147
1372	0	0.1937
1373	0	0.0009
1374	0	0.1937
1375	0	0.0143
1376	0	0.0051
1377	0	0.7966
1378	0	0.0421
1379	1	0.9683
1380	0	0.3493
1381	0	0.0178
1382	0	0.017
1383	1	0.9124
1384	0	0.0018
1385	0	0.0018
1386	0	0.1075
1387	1	0.9771
1388	1	0.8873
1389	1	0.9244
1390	1	0.4754
1391	0	0.0193
1392	0	0.0191
1393	1	0.9834
1394	1	0.8939
1395	0	0.144
1396	0	0.0273
1397	0	0.0206
1398	0	0.0586
1399	0	0.2916
1400	1	0.1822
1401	0	0.0023
1402	0	0.0508
1403	1	0.96
1404	0	0.0056
1405	0	0.0882
1406	0	0.3703
1407	0	0.5379
1408	1	0.9804
1409	0	0.8015
1410	0	0.0817
1411	1	0.8424
1412	0	0.0068
1413	0	0.0184
1414	1	0.9564
1415	1	0.9825
1416	1	0.7238
1417	0	0.0599
1418	1	0.9295
1419	0	0.2059
1420	0	0.0178
1421	0	0.3936
1422	1	0.9285
1423	0	0.0271
1424	1	0.7696
1425	0	0.0348
1426	0	0.031
1427	1	0.6208
1428	0	0.0751
1429	0	0.112
1430	0	0.013
1431	0	0.014
1432	0	0.0187
1433	1	0.0978
1434	0	0.0032
1435	0	0.0817
1436	1	0.9748
1437	1	0.8888
1438	0	0.1788
1439	0	0.2979
1440	0	0.1777
1441	0	0.0023
1442	0	0.0183
1443	1	0.9106
1444	0	0.4452
1445	0	0.0142
1446	0	0.2046
1447	0	0.0662
1448	0	0.4848
1449	0	0.0273
1450	0	0.0449
1451	0	0.007
1452	0	0.0657
1453	0	0.4848
1454	1	0.8299
1455	0	0.0101
1456	0	0.0041
1457	0	0.7736
1458	0	0.1097
1459	1	0.7841
1460	1	0.7573
1461	0	0.0277
1462	0	0.0086
1463	0	0.7891
1464	0	0.1205
1465	0	0.0063
1466	0	0.0621
1467	0	0.0234
1468	0	0.7904
1469	1	0.947
1470	1	0.1925
1471	0	0.6119
1472	1	0.0612
1473	0	0.0346
1474	0	0.063
1475	0	0.189
1476	1	0.3043
1477	1	0.7021
1478	0	0.2224
1479	1	0.3206
1480	0	0.008
1481	1	0.8569
1482	0	0.0346
1483	0	0.2702
1484	0	0.018
1485	0	0.0141
1486	1	0.8133
1487	0	0.0034
1488	1	0.1288
1489	0	0.019
1490	0	0.0283
1491	1	0.9338
1492	0	0.2498
1493	0	0.1054
1494	0	0.0073
1495	0	0.0187
1496	0	0.0129
1497	0	0.0138
1498	0	0.0222
1499	0	0.6137
1500	1	0.9524
1501	0	0.0828
1502	0	0.0175
1503	0	0.4867
1504	1	0.8842
1505	0	0.0341
1506	0	0.0073
1507	0	0.0062
1508	1	0.9418
1509	1	0.8503
1510	1	0.8651
1511	1	0.8857
1512	1	0.9781
1513	1	0.9524
1514	0	0.0427
1515	0	0.666
1516	1	0.7929
1517	0	0.0436
1518	1	0.8842
1519	1	0.0469
1520	0	0.4905
1521	0	0.7642
1522	0	0.0534
1523	0	0.1766
1524	1	0.9657
1525	0	0.0095
1526	0	0.003
1527	0	0.0048
1528	1	0.8212
1529	0	0.0088
1530	0	0.0246
1531	0	0.0054
1532	0	0.0783
1533	0	0.0171
1534	0	0.6154
1535	0	0.0427
1536	1	0.1478
1537	0	0.8826
1538	0	0.358
1539	0	0.0643
1540	1	0.8686
1541	1	0.9473
1542	1	0.7682
1543	0	0.1205
1544	0	0.0044
1545	0	0.0196
1546	0	0.0068
1547	0	0.0051
1548	1	0.9136
1549	0	0.0433
1550	1	0.0114
1551	1	0.819
1552	0	0.0346
1553	0	0.012
1554	1	0.8321
1555	0	0.0165
1556	1	0.5919
1557	0	0.1627
1558	1	0.7036
1559	0	0.0056
1560	0	0.0751
1561	0	0.0817
1562	0	0.1997
1563	0	0.0101
1564	0	0.2839
1565	0	0.0232
1566	0	0.0116
1567	1	0.9397
1568	0	0.4754
1569	0	0.025
1570	0	0.0103
1571	0	0.8363
1572	1	0.8677
1573	1	0.928
1574	1	0.8063
1575	1	0.2498
1576	1	0.0639
1577	1	0.9361
1578	0	0.3936
1579	1	0.9388
1580	0	0.5623
1581	1	0.8686
1582	0	0.0186
1583	0	0.1143
1584	1	0.8464
1585	0	0.0137
1586	0	0.0041
1587	0	0.1083
1588	0	0.0222
1589	1	0.943
1590	0	0.3459
1591	0	0.1576
1592	1	0.945
1593	0	0.0882
1594	0	0.1182
1595	0	0.8278
1596	1	0.5076
1597	0	0.4322
1598	0	0.0113
1599	1	0.9628
1600	0	0.6082
1601	0	0.0103
1602	0	0.0828
1603	1	0.0582
1604	1	0.8873
1605	1	0.8597
1606	0	0.0449
1607	1	0.2995
1608	0	0.0216
1609	1	0.3323
1610	0	0.0312
1611	0	0.4415
1612	1	0.9049
1613	0	0.7762
1614	0	0.0187
1615	0	0.1777
1616	0	0.2071
1617	1	0.2413
1618	0	0.0131
1619	0	0.3738
1620	1	0.9723
1621	1	0.8027
1622	0	0.4527
1623	1	0.5208
1624	0	0.0303
1625	0	0.0281
1626	1	0.9009
1627	0	0.0666
1628	0	0.4008
1629	1	0.9446
1630	1	0.969
1631	0	0.635
1632	0	0.0019
1633	0	0.3076
1634	0	0.1305
1635	0	0.0406
1636	0	0.1507
1637	1	0.9036
1638	0	0.0121
1639	0	0.0028
1640	1	0.5454
1641	0	0.1658
1642	0	0.0021
1643	0	0.0092
1644	0	0.0312
1645	0	0.0021
1646	0	0.0681
1647	0	0.0162
1648	0	0.0662
1649	1	0.0462
1650	0	0.169
1651	0	0.1135
1652	0	0.3828
1653	1	0.3738
1654	0	0.0648
1655	1	0.9434
1656	0	0.1166
1657	0	0.0112
1658	0	0.0044
1659	0	0.0459
1660	0	0.0166
1661	0	0.0071
1662	0	0.0427
1663	0	0.3545
1664	0	0.01
1665	0	0.0433
1666	0	0.2096
1667	0	0.0331
1668	0	0.0116
1669	0	0.0388
1670	1	0.9708
1671	0	0.144
1672	1	0.9636
1673	1	0.7253
1674	1	0.9418
1675	1	0.8786
1676	1	0.8624
1677	0	0.1238
1678	0	0.018
1679	0	0.2657
1680	0	0.0479
1681	0	0.1083
1682	1	0.8503
1683	0	0.0303
1684	1	0.9154
1685	0	0.3408
1686	0	0.2211
1687	0	0.0108
1688	1	0.9564
1689	1	0.888
1690	0	0.0139
1691	0	0.0951
1692	0	0.1586
1693	0	0.0079
1694	0	0.0705
1695	0	0.3223
1696	0	0.1349
1697	1	0.9652
1698	1	0.6924
1699	1	0.8454
1700	0	0.0047
1701	0	0.0254
1702	1	0.7068
1703	0	0.0446
1704	0	0.022
1705	0	0.1412
1706	0	0.0063
1707	0	0.61
1708	1	0.9514
1709	0	0.0736
1710	0	0.0056
1711	1	0.9009
1712	1	0.8086
1713	0	0.1047
1714	0	0.0991
1715	1	0.9492
1716	0	0.2358
1717	0	0.003
1718	0	0.0158
1719	0	0.0394
1720	1	0.9887
1721	1	0.9733
1722	0	0.0312
1723	1	0.4452
1724	0	0.0065
1725	0	0.0162
1726	1	0.5454
1727	0	0.0338
1728	1	0.8444
1729	0	0.0142
1730	0	0.0273
1731	1	0.9244
1732	1	0.6279
1733	0	0.0212
1734	0	0.0388
1735	0	0.0298
1736	1	0.9049
1737	0	0.0212
1738	0	0.0294
1739	0	0.7628
1740	0	0.0087
1741	0	0.0048
1742	1	0.6694
1743	0	0.0021
1744	0	0.9087
1745	1	0.9514
1746	0	0.055
1747	1	0.7853
1748	0	0.0157
1749	0	0.1507
1750	0	0.642
1751	0	0.0152
1752	0	0.063
1753	0	0.007
1754	1	0.8811
1755	1	0.93
1756	0	0.7036
1757	1	0.6507
1758	0	0.128
1759	0	0.0015
1760	0	0.0037
1761	0	0.1135
1762	0	0.6208
1763	1	0.9244
1764	1	0.9414
1765	0	0.1596
1766	0	0.0047
1767	1	0.8086
1768	1	0.8444
1769	0	0.0508
1770	0	0.0097
1771	1	0.9042
1772	0	0.0105
1773	0	0.0091
1774	0	0.5937
1775	1	0.6226
1776	1	0.9667
1777	0	0.1961
1778	1	0.941
1779	1	0.96
1780	0	0.1263
1781	0	0.0146
1782	1	0.8703
1783	0	0.4659
1784	0	0.5019
1785	1	0.4924
1786	0	0.2747
1787	0	0.0059
1788	1	0.8434
1789	1	0.831
1790	0	0.2083
1791	0	0.2277
1792	0	0.0343
1793	0	0.013
1794	0	0.6315
1795	0	0.0102
1796	0	0.4081
1797	0	0.0234
1798	0	0.2979
1799	1	0.9418
1800	0	0.3881
1801	1	0.8939
1802	0	0.0595
1803	1	0.9485
1804	0	0.5133
1805	1	0.9764
1806	0	0.0286
1807	0	0.0391
1808	0	0.1068
1809	1	0.9142
1810	1	0.9264
1811	1	0.2717
1812	0	0.8606
1813	0	0.6507
1814	1	0.2331
1815	0	0.0265
1816	0	0.0364
1817	0	0.7866
1818	0	0.1997
1819	1	0.8464
1820	1	0.9352
1821	0	0.0061
1822	0	0.0154
1823	1	0.8464
1824	0	0.02
1825	0	0.3076
1826	0	0.8624
1827	0	0.0029
1828	1	0.8133
1829	0	0.0028
1830	0	0.0098
1831	0	0.0469
1832	0	0.3828
1833	1	0.9154
1834	1	0.579
1835	0	0.0676
1836	1	0.9136
1837	0	0.0016
1838	1	0.9634
1839	0	0.5753
1840	0	0.007
1841	0	0.0036
1842	0	0.0167
1843	1	0.6154
1844	0	0.3223
1845	1	0.7502
1846	1	0.7474
1847	1	0.9514
1848	0	0.1376
1849	0	0.002
1850	0	0.0153
1851	1	0.0449
1852	0	0.0424
1853	0	0.3206
1854	0	0.0085
1855	0	0.1376
1856	0	0.3108
1857	1	0.2512
1858	0	0.2613
1859	0	0.3239
1860	0	0.1606
1861	0	0.0206
1862	0	0.0193
1863	0	0.0397
1864	1	0.931
1865	0	0.2657
1866	0	0.0061
1867	0	0.5604
1868	0	0.0065
1869	1	0.885
1870	0	0.016
1871	1	0.7516
1872	0	0.0036
1873	0	0.0767
1874	1	0.1788
1875	0	0.0199
1876	0	0.0108
1877	1	0.0353
1878	0	0.2009
1879	1	0.4697
1880	1	0.9343
1881	0	0.0388
1882	0	0.0527
1883	1	0.9597
1884	1	0.9847
1885	1	0.8988
1886	0	0.0715
1887	1	0.9503
1888	0	0.002
1889	0	0.6315
1890	1	0.9414
1891	1	0.941
1892	0	0.012
1893	0	0.434
1894	0	0.4981
1895	0	0.5
1896	1	0.888
1897	0	0.0018
1898	0	0.0538
1899	0	0.0066
1900	0	0.635
1901	0	0.2358
1902	1	0.0483
1903	0	0.0224
1904	0	0.0494
1905	0	0.0139
1906	0	0.07
1907	0	0.0076
1908	0	0.0055
1909	0	0.0476
1910	0	0.0558
1911	1	0.8686
1912	0	0.0348
1913	0	0.0351
1914	0	0.0141
1915	0	0.0032
1916	1	0.6385
1917	1	0.8289
1918	1	0.9148
1919	0	0.1403
1920	0	0.0038
1921	0	0.0097
1922	0	0.0951
1923	0	0.0178
1924	0	0.1925
1925	1	0.5133
1926	1	0.9068
1927	1	0.7502
1928	0	0.8299
1929	0	0.1507
1930	0	0.551
1931	0	0.0386
1932	0	0.0388
1933	0	0.0256
1934	0	0.2932
1935	0	0.1985
1936	1	0.8946
1937	0	0.128
1938	1	0.4943
1939	1	0.7929
1940	0	0.7313
1941	0	0.0958
1942	1	0.9434
1943	0	0.0017
1944	0	0.0397
1945	0	0.0562
1946	0	0.0346
1947	0	0.0305
1948	0	0.3043
1949	1	0.9639
1950	0	0.0409
1951	1	0.941
1952	1	0.3391
1953	0	0.2198
1954	0	0.2885
1955	0	0.4063
1956	1	0.8615
1957	0	0.3685
1958	0	0.0341
1959	0	0.0089
1960	1	0.9259
1961	1	0.8988
1962	0	0.5864
1963	0	0.0263
1964	0	0.0951
1965	0	0.0189
1966	0	0.0158
1967	0	0.0603
1968	0	0.0029
1969	0	0.0131
1970	0	0.0046
1971	1	0.888
1972	0	0.5473
1973	0	0.2484
1974	0	0.4136
1975	1	0.9759
1976	0	0.0229
1977	0	0.1331
1978	0	0.0519
1979	1	0.1112
1980	1	0.7313
1981	1	0.7068
1982	0	0.0256
1983	0	0.1271
1984	1	0.0616
1985	0	0.0167
1986	0	0.0138
1987	0	0.4415
1988	0	0.2901
1989	0	0.0105
1990	1	0.872
1991	0	0.0998
1992	0	0.0705
1993	1	0.9686
1994	0	0.1263
1995	0	0.1189
1996	0	0.029
1997	0	0.0519
1998	0	0.0964
1999	0	0.0123
2000	0	0.3141
2001	0	0.8686
2002	0	0.1205
2003	0	0.0858
2004	0	0.0061
2005	0	0.0191
2006	0	0.0303
2007	0	0.0116
2008	0	0.0011
2009	1	0.9148
2010	0	0.1949
2011	0	0.0008
2012	0	0.2441
2013	0	0.8039
2014	0	0.6028
2015	0	0.112
2016	0	0.0093
2017	0	0.0377
2018	0	0.8039
2019	0	0.0508
2020	0	0.0364
2021	1	0.8464
2022	0	0.0415
2023	0	0.1556
2024	0	0.0043
2025	0	0.2211
2026	0	0.0018
2027	0	0.0372
2028	1	0.7099
2029	0	0.02
2030	0	0.8133
2031	0	0.0356
2032	0	0.0066
2033	0	0.0113
2034	0	0.0124
2035	0	0.0114
2036	0	0.008
2037	0	0.1856
2038	0	0.8474
2039	0	0.6777
2040	0	0.0031
2041	1	0.9222
2042	1	0.7587
2043	0	0.0052
2044	0	0.01
2045	1	0.8946
2046	1	0.8737
2047	1	0.5454
2048	1	0.5864
2049	1	0.872
2050	0	0.7431
2051	1	0.8503
2052	0	0.7966
2053	0	0.0045
2054	0	0.073
2055	0	0.0101
2056	0	0.0026
2057	0	0.4546
2058	0	0.0141
2059	1	0.9211
2060	0	0.2469
2061	0	0.0271
2062	0	0.0113
2063	0	0.0269
2064	0	0.7559
2065	1	0.8633
2066	1	0.9567
2067	1	0.2484
2068	0	0.0047
2069	1	0.7941
2070	0	0.8857
2071	1	0.9582
2072	0	0.0143
2073	1	0.9674
2074	0	0.0305
2075	0	0.0248
2076	1	0.9606
2077	0	0.0427
2078	0	0.0366
2079	0	0.0056
2080	0	0.3936
2081	0	0.04
2082	0	0.4603
2083	0	0.0364
2084	0	0.0372
2085	0	0.0149
2086	0	0.0984
2087	1	0.0375
2088	0	0.0648
2089	0	0.007
2090	0	0.6827
2091	0	0.0049
2092	0	0.6876
2093	0	0.0643
2094	0	0.0341
2095	0	0.0508
2096	0	0.6137
2097	1	0.8434
2098	0	0.1722
2099	0	0.0586
2100	1	0.8975
2101	0	0.0068
2102	0	0.8098
2103	0	0.128
2104	0	0.0229
2105	0	0.7802
2106	0	0.2277
2107	0	0.0111
2108	0	0.0127
2109	0	0.0014
2110	1	0.4848
2111	0	0.1331
2112	0	0.3511
2113	0	0.0059
2114	0	0.1305
2115	0	0.0938
2116	0	0.0068
2117	0	0.8953
2118	1	0.8015
2119	0	0.5435
2120	0	0.1507
2121	0	0.0045
2122	1	0.5845
2123	1	0.9458
2124	0	0.0705
2125	0	0.0073
2126	1	0.9244
2127	0	0.0196
2128	0	0.1032
2129	1	0.9541
2130	0	0.1012
2131	0	0.0321
2132	0	0.0074
2133	1	0.9748
2134	0	0.003
2135	0	0.007
2136	1	0.943
2137	1	0.9499
2138	1	0.3273
2139	1	0.8888
2140	1	0.8925
2141	0	0.0621
2142	0	0.3511
2143	0	0.0639
2144	0	0.2484
2145	1	0.9676
2146	0	0.0096
2147	0	0.1596
2148	0	0.0055
2149	0	0.0958
2150	0	0.0018
2151	0	0.0823
2152	0	0.0206
2153	0	0.0019
2154	0	0.1018
2155	0	0.5246
2156	0	0.5678
2157	1	0.0129
2158	1	0.9062
2159	0	0.1844
2160	1	0.1431
2161	0	0.073
2162	0	0.0348
2163	1	0.9392
2164	0	0.181
2165	0	0.5379
2166	1	0.2702
2167	0	0.0083
2168	1	0.7954
2169	0	0.0029
2170	0	0.0486
2171	1	0.9405
2172	0	0.1297
2173	0	0.0104
2174	0	0.0023
2175	0	0.0326
2176	0	0.0055
2177	1	0.8995
2178	0	0.011
2179	0	0.5038
2180	0	0.0045
2181	1	0.0828
2182	0	0.0113
2183	0	0.635
2184	0	0.1777
2185	0	0.012
2186	0	0.0055
2187	0	0.1075
2188	1	0.9579
2189	0	0.0027
2190	0	0.007
2191	0	0.1648
2192	1	0.8342
2193	0	0.006
2194	0	0.0409
2195	1	0.9136
2196	0	0.2224
2197	0	0.0227
2198	1	0.8464
2199	0	0.1083
2200	0	0.24
2201	0	0.0086
2202	0	0.0024
2203	0	0.1627
2204	1	0.8299
2205	0	0.0166
2206	1	0.5641
2207	0	0.9434
2208	0	0.0783
2209	0	0.0433
2210	1	0.9338
2211	1	0.7431
2212	1	0.8803
2213	0	0.0013
2214	1	0.9609
2215	1	0.9375
2216	0	0.7573
2217	0	0.0273
2218	0	0.0265
2219	0	0.0267
2220	0	0.1997
2221	0	0.0142
2222	0	0.0217
2223	1	0.6727
2224	0	0.0025
2225	0	0.1701
2226	0	0.0116
2227	0	0.0026
2228	0	0.1679
2229	0	0.0361
2230	0	0.005
2231	1	0.9446
2232	0	0.0057
2233	0	0.0388
2234	0	0.123
2235	0	0.0062
2236	0	0.0657
2237	0	0.0092
2238	0	0.0068
2239	0	0.0038
2240	1	0.8474
2241	1	0.8803
2242	0	0.8569
2243	0	0.0356
2244	0	0.1722
2245	0	0.007
2246	1	0.8039
2247	0	0.0391
2248	0	0.0512
2249	0	0.1679
2250	0	0.043
2251	1	0.8299
2252	1	0.8932
2253	1	0.8414
2254	0	0.8982
2255	0	0.0964
2256	1	0.9524
2257	0	0.0876
2258	0	0.4848
2259	1	0.951
2260	1	0.9644
2261	0	0.0483
2262	0	0.6028
2263	1	0.8075
2264	0	0.7005
2265	0	0.7991
2266	0	0.6989
2267	0	0.0095
2268	0	0.5808
2269	0	0.9397
2270	0	0.3223
2271	0	0.0599
2272	0	0.0076
2273	0	0.0048
2274	0	0.0512
2275	0	0.2059
2276	1	0.9564
2277	1	0.1412
2278	0	0.0241
2279	1	0.9397
2280	1	0.8352
2281	1	0.9659
2282	1	0.9659
2283	0	0.5057
2284	0	0.1358
2285	0	0.0091
2286	0	0.015
2287	0	0.0219
2288	0	0.0224
2289	1	0.8474
2290	0	0.8156
2291	1	0.6226
2292	0	0.0648
2293	0	0.7416
2294	0	0.0039
2295	1	0.8961
2296	0	0.0756
2297	0	0.011
2298	0	0.1005
2299	1	0.8988
2300	1	0.7642
2301	0	0.6575
2302	0	0.0783
2303	0	0.005
2304	0	0.7223
2305	1	0.9434
2306	1	0.8144
2307	0	0.5548
2308	1	0.8695
2309	0	0.8234
2310	0	0.0157
2311	1	0.5771
2312	0	0.0155
2313	0	0.0021
2314	0	0.1777
2315	0	0.0515
2316	1	0.9166
2317	0	0.008
2318	0	0.1197
2319	1	0.9324
2320	0	0.9329
2321	1	0.9227
2322	1	0.8484
2323	0	0.04
2324	1	0.8133
2325	0	0.0294
2326	0	0.0019
2327	0	0.0227
2328	0	0.0852
2329	0	0.0736
2330	0	0.39
2331	0	0.0364
2332	0	0.3374
2333	0	0.0149
2334	0	0.013
2335	0	0.866
2336	1	0.9551
2337	1	0.8003
2338	0	0.5697
2339	0	0.0076
2340	0	0.109
2341	1	0.057
2342	0	0.2386
2343	0	0.2732
2344	0	0.0079
2345	0	0.1005
2346	1	0.9009
2347	0	0.0132
2348	0	0.6609
2349	0	0.0913
2350	0	0.0275
2351	1	0.9295
2352	0	0.3954
2353	1	0.8895
2354	0	0.0281
2355	0	0.2034
2356	1	0.4527
2357	0	0.0103
2358	0	0.0823
2359	0	0.0059
2360	0	0.012
2361	0	0.2198
2362	1	0.9233
2363	0	0.0234
2364	0	0.0034
2365	0	0.8321
2366	0	0.7401
2367	1	0.9688
2368	0	0.2185
2369	0	0.0051
2370	0	0.0248
2371	1	0.9699
2372	0	0.6244
2373	0	0.0453
2374	0	0.0305
2375	0	0.0277
2376	0	0.008
2377	0	0.0116
2378	1	0.7559
2379	0	0.2569
2380	0	0.9414
2381	0	0.0045
2382	1	0.9194
2383	1	0.9521
2384	0	0.0852
2385	0	0.084
2386	1	0.8857
2387	1	0.9761
2388	1	0.9401
2389	0	0.1507
2390	0	0.084
2391	0	0.9217
2392	0	0.5265
2393	0	0.0888
2394	0	0.0811
2395	0	0.0066
2396	0	0.0685
2397	0	0.5548
2398	0	0.0324
2399	1	0.8865
2400	0	0.0331
2401	0	0.0216
2402	1	0.9062
2403	0	0.1744
2404	1	0.0087
2405	1	0.9488
2406	0	0.7628
2407	0	0.0095
2408	1	0.0991
2409	0	0.2291
2410	0	0.0083
2411	1	0.7052
2412	0	0.0534
2413	1	0.927
2414	1	0.6332
2415	0	0.0356
2416	0	0.7283
2417	0	0.5641
2418	0	0.0033
2419	0	0.0534
2420	1	0.6507
2421	0	0.9594
2422	0	0.0894
2423	0	0.1297
2424	0	0.0676
2425	0	0.0085
2426	0	0.6859
2427	1	0.8669
2428	0	0.2059
2429	0	0.8075
2430	0	0.1032
2431	0	0.358
2432	1	0.9723
2433	0	0.2096
2434	0	0.003
2435	1	0.0202
2436	0	0.7416
2437	0	0.4962
2438	0	0.1844
2439	1	0.9442
2440	0	0.0366
2441	0	0.6957
2442	0	0.0121
2443	1	0.92
2444	1	0.9603
2445	1	0.6437
2446	1	0.8818
2447	0	0.0138
2448	1	0.8695
2449	1	0.931
2450	1	0.6244
2451	0	0.0077
2452	0	0.7853
2453	1	0.9361
2454	0	0.0208
2455	1	0.8778
2456	0	0.1305
2457	1	0.9075
2458	0	0.6558
2459	0	0.0237
2460	1	0.8633
2461	0	0.0101
2462	0	0.0138
2463	1	0.9009
2464	0	0.1669
2465	0	0.4027
2466	0	0.8803
2467	0	0.0971
2468	0	0.334
2469	1	0.8729
2470	0	0.003
2471	0	0.008
2472	0	0.1902
2473	0	0.0069
2474	1	0.8932
2475	1	0.8795
2476	1	0.9426
2477	1	0.8424
2478	1	0.7776
2479	0	0.0616
2480	0	0.1973
2481	1	0.9211
2482	0	0.3792
2483	0	0.0527
2484	0	0.0504
2485	0	0.071
2486	0	0.029
2487	0	0.112
2488	1	0.8474
2489	1	0.971
2490	0	0.2628
2491	0	0.1449
2492	0	0.1097
2493	0	0.0232
2494	0	0.4509
2495	0	0.0085
2496	0	0.0783
2497	1	0.6892
2498	1	0.8968
2499	0	0.6575
2500	1	0.7853
2501	1	0.8201
2502	0	0.9189
2503	0	0.0648
2504	0	0.8677
2505	0	0.0074
2506	1	0.9375
2507	0	0.0364
2508	0	0.0277
2509	0	0.0267
2510	0	0.0271
2511	0	0.0089
2512	0	0.0639
2513	0	0.421
2514	1	0.5845
2515	0	0.7749
2516	0	0.0562
2517	0	0.0212
2518	0	0.1039
2519	0	0.6524
2520	1	0.8677
2521	0	0.0666
2522	1	0.9531
2523	1	0.975
2524	0	0.0064
2525	0	0.09
2526	0	0.0217
2527	0	0.0113
2528	0	0.0406
2529	1	0.866
2530	0	0.2224
2531	0	0.009
2532	0	0.0391
2533	0	0.059
2534	0	0.071
2535	0	0.0053
2536	1	0.8532
2537	1	0.7416
2538	0	0.0019
2539	0	0.0063
2540	0	0.0852
2541	0	0.1238
2542	0	0.0139
2543	0	0.0271
2544	0	0.031
2545	0	0.0991
2546	0	0.0154
2547	1	0.9492
2548	1	0.9636
2549	0	0.0042
2550	1	0.7115
2551	0	0.1536
2552	0	0.4867
2553	0	0.0074
2554	1	0.635
2555	0	0.9062
2556	1	0.681
2557	0	0.0151
2558	0	0.4377
2559	0	0.0021
2560	0	0.0032
2561	0	0.2747
2562	0	0.2995
2563	0	0.8826
2564	0	0.1127
2565	1	0.8677
2566	0	0.0022
2567	0	0.0292
2568	0	0.0111
2569	0	0.0166
2570	1	0.1358
2571	0	0.0098
2572	1	0.8569
2573	0	0.002
2574	0	0.0165
2575	0	0.4303
2576	0	0.2386
2577	1	0.9112
2578	0	0.3954
2579	0	0.2083
2580	1	0.9657
2581	0	0.8917
2582	0	0.5114
2583	1	0.9544
2584	0	0.0639
2585	0	0.0263
2586	0	0.0394
2587	0	0.044
2588	0	0.8201
2589	0	0.1679
2590	1	0.8201
2591	0	0.0657
2592	1	0.9481
2593	1	0.9706
2594	1	0.8167
2595	0	0.0919
2596	0	0.0109
2597	0	0.0071
2598	0	0.0391
2599	1	0.0794
2600	0	0.1799
2601	0	0.7879
2602	0	0.4697
2603	0	0.0558
2604	0	0.1516
2605	0	0.0397
2606	1	0.9418
2607	0	0.4118
2608	0	0.2046
2609	0	0.1777
2610	0	0.0424
2611	0	0.2498
2612	1	0.9647
2613	1	0.9591
2614	0	0.7749
2615	0	0.5734
2616	0	0.0028
2617	1	0.9763
2618	0	0.6541
2619	0	0.6172
2620	1	0.61
2621	0	0.0333
2622	0	0.011
2623	0	0.1546
2624	0	0.421
2625	0	0.112
2626	0	0.0476
2627	0	0.0333
2628	0	0.169
2629	0	0.7841
2630	0	0.24
2631	0	0.0333
2632	0	0.0182
2633	0	0.1617
2634	0	0.1135
2635	0	0.2643
2636	0	0.0079
2637	0	0.2291
2638	1	0.2777
2639	0	0.0075
2640	0	0.0043
2641	0	0.2995
2642	0	0.0117
2643	0	0.0232
2644	0	0.0938
2645	0	0.0076
2646	1	0.6643
2647	1	0.7954
2648	1	0.7084
2649	1	0.9062
2650	1	0.96
2651	0	0.0469
2652	0	0.2147
2653	0	0.1937
2654	0	0.8267
2655	0	0.0229
2656	0	0.0121
2657	1	0.9667
2658	1	0.956
2659	0	0.1844
2660	0	0.5397
2661	0	0.0072
2662	0	0.0139
2663	1	0.7313
2664	1	0.9343
2665	0	0.7502
2666	0	0.7115
2667	1	0.5919
2668	0	0.0047
2669	0	0.0088
2670	1	0.9401
2671	1	0.8321
2672	0	0.2121
2673	0	0.6524
2674	1	0.8818
2675	0	0.8857
2676	1	0.9405
2677	0	0.8597
2678	1	0.7445
2679	0	0.0164
2680	0	0.029
2681	1	0.5
2682	0	0.0126
2683	1	0.928
2684	1	0.8551
2685	0	0.2793
2686	0	0.4452
2687	1	0.8865
2688	1	0.9454
2689	1	0.9036
2690	0	0.4603
2691	0	0.4247
2692	0	0.0016
2693	1	0.885
2694	0	0.003
2695	0	0.0224
2696	0	0.7879
2697	1	0.6154
2698	0	0.8932
2699	0	0.0036
2700	0	0.399
2701	1	0.928
2702	0	0.3668
2703	0	0.0828
2704	0	0.0013
2705	0	0.0117
2706	0	0.0124
2707	0	0.0097
2708	0	0.7966
2709	1	0.8818
2710	0	0.6137
2711	0	0.0061
2712	0	0.7223
2713	0	0.0336
2714	1	0.9499
2715	0	0.2304
2716	1	0.8745
2717	1	0.7573
2718	0	0.6472
2719	0	0.007
2720	0	0.0136
2721	1	0.9324
2722	0	0.3289
2723	0	0.1255
2724	1	0.3528
2725	1	0.9564
2726	1	0.7917
2727	0	0.434
2728	0	0.1925
2729	0	0.1711
2730	0	0.0122
2731	0	0.0115
2732	0	0.0449
2733	0	0.0681
2734	0	0.4603
2735	0	0.0501
2736	0	0.0205
2737	0	0.0296
2738	1	0.144
2739	0	0.0459
2740	0	0.8424
2741	1	0.8321
2742	1	0.7917
2743	1	0.5019
2744	0	0.1025
2745	0	0.1949
2746	0	0.0202
2747	0	0.1403
2748	0	0.1961
2749	0	0.2198
2750	1	0.6332
2751	0	0.3846
2752	0	0.5641
2753	0	0.115
2754	0	0.1061
2755	0	0.1127
2756	0	0.0566
2757	0	0.0971
2758	0	0.0243
2759	0	0.0087
2760	0	0.0024
2761	0	0.2916
2762	0	0.015
2763	0	0.0074
2764	0	0.4565
2765	0	0.1047
2766	0	0.4229
2767	1	0.8532
2768	1	0.1047
2769	0	0.666
2770	0	0.1586
2771	0	0.5208
2772	1	0.9506
2773	0	0.856
2774	0	0.0746
2775	1	0.91
2776	0	0.3206
2777	0	0.0267
2778	0	0.0031
2779	1	0.913
2780	0	0.0834
2781	0	0.0017
2782	0	0.0301
2783	1	0.8513
2784	0	0.5152
2785	1	0.5641
2786	0	0.0846
2787	1	0.9485
2788	0	0.3027
2789	1	0.0725
2790	0	0.6924
2791	0	0.1205
2792	1	0.856
2793	0	0.7036
2794	0	0.0169
2795	0	0.5152
2796	0	0.4754
2797	0	0.0017
2798	0	0.0149
2799	1	0.8624
2800	0	0.7084
2801	0	0.0036
2802	0	0.003
2803	0	0.0519
2804	0	0.1478
2805	1	0.9786
2806	0	0.6489
2807	0	0.002
2808	1	0.2916
2809	0	0.2526
2810	0	0.2702
2811	1	0.7978
2812	0	0.169
2813	1	0.7891
2814	0	0.0176
2815	0	0.181
2816	1	0.8321
2817	0	0.2948
2818	0	0.0527
2819	0	0.59
2820	0	0.8818
2821	0	0.381
2822	0	0.0044
2823	0	0.4735
2824	0	0.059
2825	0	0.0261
2826	1	0.8541
2827	0	0.947
2828	0	0.1507
2829	1	0.4155
2830	0	0.8289
2831	0	0.01
2832	1	0.8234
2833	0	0.0171
2834	0	0.0023
2835	0	0.0037
2836	0	0.0312
2837	1	0.9002
2838	0	0.2083
2839	0	0.0138
2840	0	0.0361
2841	0	0.4118
2842	0	0.0032
2843	0	0.0034
2844	0	0.0261
2845	1	0.8762
2846	0	0.1973
2847	0	0.0183
2848	0	0.0453
2849	0	0.0197
2850	0	0.0685
2851	0	0.4415
2852	0	0.0074
2853	0	0.8156
2854	0	0.6262
2855	0	0.6859
2856	1	0.9075
2857	0	0.6208
2858	0	0.0913
2859	0	0.3459
2860	0	0.0888
2861	0	0.0176
2862	1	0.9442
2863	0	0.2427
2864	0	0.1025
2865	0	0.2747
2866	0	0.018
2867	0	0.1349
2868	0	0.0343
2869	1	0.1902
2870	0	0.24
2871	0	0.1166
2872	1	0.3256
2873	1	0.5227
2874	1	0.9081
2875	0	0.1711
2876	0	0.0453
2877	0	0.0876
2878	0	0.017
2879	0	0.0095
2880	0	0.4322
2881	1	0.8651
2882	1	0.8961
2883	0	0.0361
2884	0	0.601
2885	0	0.0449
2886	0	0.0044
2887	0	0.0091
2888	0	0.0639
2889	0	0.0657
2890	1	0.5845
2891	1	0.0324
2892	0	0.3027
2893	0	0.0681
2894	0	0.0348
2895	0	0.003
2896	0	0.0032
2897	0	0.0388
2898	1	0.8503
2899	0	0.6262
2900	0	0.4027
2901	0	0.2979
2902	0	0.053
2903	0	0.0179
2904	0	0.1755
2905	0	0.017
2906	0	0.0066
2907	0	0.0182
2908	0	0.0124
2909	1	0.3863
2910	0	0.8234
2911	1	0.7559
2912	0	0.4155
2913	0	0.1711
2914	1	0.0951
2915	0	0.0778
2916	0	0.0326
2917	0	0.08
2918	0	0.3108
2919	1	0.8321
2920	1	0.7192
2921	1	0.9585
2922	1	0.8178
2923	0	0.8234
2924	0	0.0068
2925	0	0.0039
2926	0	0.0259
2927	1	0.9776
2928	0	0.7978
2929	0	0.018
2930	0	0.0356
2931	1	0.9657
2932	0	0.2046
2933	0	0.8624
2934	1	0.93
2935	1	0.9254
2936	1	0.9625
2937	0	0.0256
2938	0	0.1487
2939	1	0.8484
2940	0	0.0479
2941	0	0.3774
2942	1	0.9062
2943	0	0.008
2944	1	0.9594
2945	0	0.0051
2946	0	0.057
2947	0	0.0089
2948	1	0.6892
2949	0	0.1018
2950	0	0.1766
2951	0	0.0317
2952	0	0.004
2953	1	0.9324
2954	0	0.6924
2955	0	0.0041
2956	0	0.0978
2957	0	0.8493
2958	0	0.7545
2959	0	0.055
2960	0	0.2762
2961	1	0.7614
2962	0	0.1314
2963	0	0.0083
2964	0	0.01
2965	0	0.0062
2966	0	0.2046
2967	1	0.9379
2968	0	0.8818
2969	0	0.0234
2970	0	0.0245
2971	0	0.0271
2972	0	0.0412
2973	0	0.1867
2974	0	0.016
2975	0	0.0114
2976	0	0.3493
2977	0	0.0037
2978	0	0.6941
2979	0	0.0229
2980	0	0.4981
2981	0	0.59
2982	0	0.1985
2983	0	0.022
2984	0	0.0083
2985	1	0.8811
2986	1	0.7614
2987	0	0.1068
2988	0	0.0171
2989	0	0.0353
2990	0	0.0043
2991	0	0.0245
2992	0	0.1297
2993	0	0.181
2994	0	0.0108
2995	0	0.0486
2996	0	0.0211
2997	0	0.0504
2998	0	0.0364
2999	1	0.9388
3000	1	0.8826
3001	1	0.9662
3002	1	0.6385
3003	1	0.8532
3004	0	0.5992
3005	1	0.4829
3006	1	0.8579
3007	1	0.9366
3008	1	0.9227
3009	0	0.1733
3010	1	0.6046
3011	1	0.2948
3012	1	0.8484
3013	1	0.0038
3014	1	0.8865
3015	1	0.7966
3016	1	0.7941
3017	1	0.8484
3018	1	0.9343
3019	1	0.7328
3020	1	0.9194
3021	1	0.8121
3022	1	0.9496
3023	1	0.9704
3024	1	0.9375
3025	0	0.0574
3026	1	0.9106
3027	1	0.8737
3028	1	0.9348
3029	1	0.9547
3030	1	0.9142
3031	1	0.9361
3032	1	0.9517
3033	0	0.5604
3034	0	0.4027
3035	1	0.8383
3036	1	0.7559
3037	1	0.1083
3038	1	0.8363
3039	1	0.9585
3040	1	0.7021
3041	0	0.7669
3042	1	0.5322
3043	1	0.9667
3044	1	0.4792
3045	1	0.0113
3046	1	0.9524
3047	1	0.8373
3048	1	0.8606
3049	1	0.9821
3050	1	0.9639
3051	1	0.951
3052	1	0.8633
3053	1	0.0095
3054	1	0.8223
3055	1	0.5697
3056	1	0.9142
3057	1	0.9009
3058	1	0.8795
3059	1	0.6876
3060	1	0.3597
3061	1	0.5992
3062	1	0.929
3063	1	0.9136
3064	1	0.9764
3065	1	0.9492
3066	1	0.9766
3067	1	0.6541
3068	1	0.9854
3069	1	0.9492
3070	1	0.9773
3071	1	0.982
3072	1	0.9746
3073	1	0.9699
3074	1	0.9768
3075	1	0.7828
3076	1	0.9106
3077	1	0.7749
3078	1	0.8039
3079	1	0.9786
3080	1	0.7313
3081	1	0.7036
3082	1	0.9244
3083	1	0.931
3084	1	0.8729
3085	1	0.9275
3086	1	0.9042
3087	1	0.9466
3088	1	0.9686
3089	1	0.969
3090	1	0.8982
3091	1	0.9679
3092	1	0.9755
3093	1	0.9704
3094	1	0.0648
3095	1	0.885
3096	1	0.9295
3097	1	0.4247
3098	1	0.8289
3099	1	0.8051
